,Papel,Cotação,P/L,P/VP,PSR,Div.Yield,P/Ativo,P/Cap.Giro,P/EBIT,P/Ativ Circ.Liq,EV/EBIT,EV/EBITDA,Mrg Ebit,Mrg. Líq.,Liq. Corr.,ROIC,ROE,Liq.2meses,Patrim. Líq,Dív.Brut/ Patrim.,Cresc. Rec.5a,L/P,Ordem L/P,Ordem ROE,Score,PapelF
0,VBBR3,20.93,4.28,1.41,0.143,0.0716,0.543,1.86,4.24,-6.65,6.08,5.52,0.0338,0.0335,2.2,0.16570000000000001,0.3306,168837000.0,16556000000.0,0.95,0.2041,0.2336448598130841,6,6,12,VBBR
1,LEVE3,31.01,5.51,3.79,0.969,0.2482,1.347,5.27,5.19,-98.6,5.79,5.15,0.1867,0.1757,1.68,0.3532,0.6884,13253400.0,1107580000.0,0.82,0.175,0.18148820326678766,22,0,22,LEVE
2,PETR4,36.72,4.35,1.18,0.976,0.1752,0.449,39.63,2.14,-0.97,3.16,2.37,0.4557,0.2256,1.08,0.233,0.2702,1556280000.0,407636000000.0,0.76,0.1989,0.2298850574712644,8,16,24,PETR
3,WIZC3,5.74,5.56,1.77,0.796,0.0429,0.351,14.49,1.6,-1.23,1.57,1.29,0.49700000000000005,0.233,1.11,0.2747,0.3181,2625120.0,519136000.0,0.67,0.1222,0.1798561151079137,24,10,34,WIZC
4,KEPL3,9.0,6.34,2.07,1.031,0.0942,1.151,3.69,5.88,5.58,5.34,4.7,0.1752,0.16260000000000002,1.92,0.2798,0.3272,8849410.0,779763000.0,0.22,0.3222,0.15772870662460567,33,9,42,KEPL
5,SOJA3,14.39,6.19,1.93,0.958,0.057,0.739,2.17,7.39,2.96,7.78,7.31,0.1297,0.1804,1.97,0.16,0.3125,8329480.0,1007310000.0,0.81,0.5145000000000001,0.16155088852988692,31,11,42,SOJA
6,BBAS3,26.61,4.45,0.9,0.0,0.0788,0.0,0.0,0.0,0.0,0.0,0.0,0.0,0.0,0.0,0.0,0.2034,487069000.0,168546000000.0,0.0,0.2877,0.2247191011235955,9,34,43,BBAS
7,PINE4,4.13,4.07,0.8,0.0,0.091,0.0,0.0,0.0,0.0,0.0,0.0,0.0,0.0,0.0,0.0,0.1975,860155.0,1079860000.0,0.0,0.5565,0.24570024570024568,4,42,46,PINE
8,CMIG4,10.51,5.45,1.18,0.807,0.0874,0.524,15.36,4.08,-1.75,5.06,4.3,0.19760000000000003,0.1482,1.15,0.1464,0.21719999999999998,132556000.0,25414600000.0,0.46,0.1107,0.18348623853211007,21,25,46,CMIG
9,RANI3,8.37,5.88,1.52,1.278,0.08929999999999999,0.577,2.39,4.95,-1.99,7.45,5.63,0.2579,0.21710000000000002,3.71,0.14730000000000001,0.2584,6281080.0,1320340000.0,1.23,0.1604,0.17006802721088435,29,19,48,RANI
10,VLID3,15.18,4.12,0.81,0.562,0.09380000000000001,0.454,1.32,2.84,4.31,3.12,2.46,0.19760000000000003,0.1346,2.82,0.2182,0.196,5962530.0,1538910000.0,0.46,0.0084,0.24271844660194175,5,43,48,VLID
11,PLPL3,9.45,7.17,3.1,0.884,0.053399999999999996,0.951,1.68,3.2,4.92,3.35,3.25,0.2761,0.1298,2.84,0.40240000000000004,0.4321,7636310.0,623151000.0,0.59,0.284,0.1394700139470014,46,3,49,PLPL
12,POSI3,8.55,4.0,0.74,0.287,0.0489,0.273,0.73,3.05,1.94,4.98,4.36,0.0943,0.0727,1.96,0.12359999999999999,0.184,11476400.0,1648030000.0,0.84,0.2445,0.25,3,49,52,POSI
13,CPFE3,32.63,6.7,1.83,0.938,0.1084,0.498,-24.2,3.3,-1.04,5.25,4.5,0.2847,0.1408,0.92,0.1707,0.2731,63651200.0,20534000000.0,1.35,0.08289999999999999,0.14925373134328357,39,14,53,CPFE
14,POMO3,4.89,6.27,1.56,0.831,0.1005,0.693,2.26,6.17,16.95,7.46,6.38,0.13470000000000001,0.1333,2.08,0.1539,0.2484,1718280.0,3566490000.0,0.74,0.1528,0.1594896331738437,32,22,54,POMO
15,PRIO3,41.33,7.28,2.39,3.0,0.0017000000000000001,1.198,11.68,5.17,-4.29,6.16,4.34,0.5803,0.41200000000000003,1.87,0.2731,0.3289,435486000.0,15396500000.0,0.72,0.6668999999999999,0.13736263736263735,49,8,57,PRIO
16,LAVV3,8.04,5.82,1.21,1.558,0.0799,0.635,0.94,6.99,1.56,6.68,6.65,0.223,0.2804,5.47,0.11689999999999999,0.20879999999999999,6382880.0,1321070000.0,0.34,0.31980000000000003,0.1718213058419244,28,29,57,LAVV
17,BRAP3,17.44,4.66,0.83,0.0,0.1548,0.829,10.49,-320.36,10.53,-287.14,-287.14,0.0,0.0,12.26,-0.0028000000000000004,0.1791,1430840.0,8214080000.0,0.0,0.0,0.2145922746781116,11,52,63,BRAP
18,BBSE3,32.9,8.09,5.47,0.0,0.0872,3.686,0.0,7.21,0.0,0.0,0.0,0.0,0.0,0.0,0.0,0.677,150391000.0,12020300000.0,0.0,0.0,0.12360939431396786,62,1,63,BBSE
19,EUCA4,14.73,3.42,0.55,0.517,0.0625,0.328,2.02,3.6,-6.51,5.16,3.1,0.1437,0.151,1.83,0.09949999999999999,0.1618,1345890.0,2463670000.0,0.3,0.1457,0.29239766081871343,1,63,64,EUCA
20,CMIN3,5.19,7.88,2.36,1.593,0.0992,0.958,3.42,4.82,-6.11,4.47,3.78,0.33020000000000005,0.20199999999999999,2.79,0.32770000000000005,0.2988,52348700.0,12084400000.0,0.69,-0.0172,0.12690355329949238,56,12,68,CMIN
21,EGIE3,44.12,8.51,3.34,3.447,0.053,0.792,12.39,6.8,-1.44,9.82,8.33,0.5067,0.4052,1.51,0.1351,0.3926,76277300.0,10778800000.0,1.97,-0.0019,0.11750881316098707,65,4,69,EGIE
22,VALE3,60.83,7.13,1.47,1.34,0.1149,0.603,29.86,3.35,-1.57,4.01,3.38,0.3997,0.19,1.12,0.2004,0.20679999999999998,1183190000.0,187211000000.0,0.39,0.0519,0.1402524544179523,44,31,75,VALE
23,SUZB3,48.85,7.03,1.43,1.679,0.0242,0.444,2.72,7.54,-1.01,14.65,7.73,0.2227,0.2394,2.89,0.0707,0.20329999999999998,543983000.0,44603800000.0,1.77,0.1185,0.14224751066856328,41,36,77,SUZB
24,VULC3,14.46,7.94,1.98,1.397,0.1985,1.366,2.8,7.42,3.29,7.14,6.02,0.1882,0.17579999999999998,3.04,0.2419,0.24969999999999998,9582290.0,2002700000.0,0.21,0.25980000000000003,0.12594458438287154,57,20,77,VULC
25,SMTO3,32.37,7.59,1.63,1.627,0.0388,0.55,3.32,10.41,-1.54,16.23,5.1,0.1562,0.21420000000000003,2.18,0.064,0.2151,49422900.0,6862370000.0,1.37,0.18280000000000002,0.13175230566534915,51,26,77,SMTO
26,CSMG3,20.65,5.64,1.01,1.042,0.1561,0.555,19.34,4.04,-1.93,6.01,4.26,0.2579,0.18489999999999998,1.21,0.1489,0.1797,27707500.0,7752950000.0,0.59,0.09480000000000001,0.1773049645390071,26,51,77,CSMG
27,PSSA3,29.75,7.47,1.54,0.575,0.060700000000000004,0.431,5.52,0.7,-3.62,0.27,0.26,0.8244,0.0783,1.15,0.8427,0.2059,64609000.0,12505000000.0,0.0,0.1804,0.13386880856760375,50,33,83,PSSA
28,SAPR3,5.02,4.85,0.75,1.161,0.0559,0.383,5.49,2.79,-1.22,4.44,3.76,0.4154,0.2391,1.66,0.15439999999999998,0.15439999999999998,1130950.0,10123600000.0,0.63,0.07980000000000001,0.2061855670103093,13,71,84,SAPR
29,CURY3,18.95,10.41,5.5,1.768,0.1153,1.621,4.34,7.73,28.72,7.16,6.9,0.2286,0.1776,2.09,0.321,0.5279,33076000.0,1006210000.0,0.6,0.35,0.09606147934678194,83,2,85,CURY
30,ETER3,5.89,3.45,0.47,0.331,0.07150000000000001,0.284,1.19,7.2,6.44,9.46,5.21,0.046,0.0959,2.16,0.042199999999999994,0.1369,1322330.0,769884000.0,0.17,0.2263,0.2898550724637681,2,88,90,ETER
31,TGMA3,23.88,8.56,1.81,0.963,0.0766,1.29,3.51,7.32,5.67,6.73,6.04,0.1315,0.11289999999999999,3.55,0.24559999999999998,0.21109999999999998,6264200.0,872453000.0,0.2,0.0866,0.11682242990654206,66,28,94,TGMA
32,CSUD3,17.99,8.13,1.68,1.401,0.0602,1.118,18.99,6.33,-22.58,6.38,4.18,0.22149999999999997,0.1723,1.26,0.2192,0.20670000000000002,948387.0,447312000.0,0.22,0.054000000000000006,0.12300123001230011,63,32,95,CSUD
33,ITSA3,9.7,7.08,1.25,13.17,0.08689999999999999,0.964,12.39,172.43,-15.12,178.98,57.74,0.0764,1.911,2.71,0.0060999999999999995,0.17579999999999998,1053580.0,80435000000.0,0.15,0.1072,0.14124293785310735,43,55,98,ITSA
34,UNIP6,48.3,9.33,2.18,1.228,0.0572,0.777,2.46,7.59,-5.5,8.1,5.96,0.1617,0.1322,2.73,0.16079999999999997,0.23370000000000002,9688290.0,2532350000.0,1.04,0.1295,0.10718113612004287,75,23,98,UNIP
35,NEOE3,18.16,5.04,0.71,0.501,0.0542,0.216,9.15,2.46,-0.47,6.92,5.32,0.20309999999999997,0.1008,1.11,0.09939999999999999,0.1413,19143500.0,30954000000.0,1.55,0.12140000000000001,0.1984126984126984,15,83,98,NEOE
36,CIEL3,5.64,7.13,1.26,2.386,0.0642,0.142,2.46,12.15,5.38,7.76,5.54,0.19640000000000002,0.3346,1.07,0.1563,0.17670000000000002,149726000.0,12164500000.0,0.34,-0.0735,0.1402524544179523,45,54,99,CIEL
37,TECN3,4.77,5.55,0.83,0.943,0.0321,0.513,1.0,5.52,1.93,5.15,6.14,0.17079999999999998,0.17,4.94,0.1222,0.1489,1042710.0,396632000.0,0.23,0.071,0.1801801801801802,23,78,101,TECN
38,ODPV3,11.54,12.3,4.29,2.963,0.0922,2.737,-110.11,10.84,-33.06,9.93,9.13,0.2733,0.24100000000000002,0.92,0.33340000000000003,0.3492,16459500.0,1484650000.0,0.0,0.046900000000000004,0.08130081300813008,98,5,103,ODPV
39,ITUB3,28.1,8.0,1.55,0.0,0.08349999999999999,0.0,0.0,0.0,0.0,0.0,0.0,0.0,0.0,0.0,0.0,0.1941,10843400.0,177342000000.0,0.0,0.39299999999999996,0.125,59,45,104,ITUB
40,SHUL4,5.98,8.14,1.62,1.13,0.050199999999999995,0.884,2.1,9.51,4.25,8.74,6.76,0.1189,0.1388,2.74,0.1518,0.1989,2844420.0,1319420000.0,0.47,0.1916,0.12285012285012284,64,40,104,SHUL
41,TTEN3,10.05,7.97,1.46,0.507,0.011699999999999999,0.673,2.97,10.36,5.92,11.04,9.67,0.0489,0.0635,1.53,0.1197,0.18289999999999998,10944000.0,3435220000.0,0.41,0.2999,0.12547051442910917,58,50,108,TTEN
42,ABCB4,20.93,5.79,0.83,0.0,0.0712,0.0,0.0,0.0,0.0,0.0,0.0,0.0,0.0,0.0,0.0,0.1441,14561400.0,6138130000.0,0.0,0.5527000000000001,0.17271157167530224,27,81,108,ABCB
43,TRPL4,26.47,6.38,0.97,2.633,0.0833,0.459,3.81,5.1,-1.38,7.33,7.27,0.5166,0.4217,3.08,0.09789999999999999,0.1518,91702000.0,18016200000.0,0.58,0.1852,0.15673981191222572,34,75,109,TRPL
44,CXSE3,14.2,11.76,3.17,0.0,0.0751,2.866,41.67,-355.46,41.83,-344.91,-344.94,0.0,0.0,1.71,-0.0088,0.2698,53863400.0,13429400000.0,0.0,0.0,0.08503401360544217,93,17,110,CXSE
45,GOAU4,10.34,4.96,0.6,0.161,0.1384,0.138,0.55,1.35,2.04,1.95,1.4,0.1198,0.0967,2.82,0.12210000000000001,0.1216,99445000.0,17694200000.0,0.62,0.1655,0.20161290322580647,14,97,111,GOAU
46,GGBR3,16.02,5.33,0.65,0.51,0.0666,0.439,1.77,4.25,6.9,4.89,3.5,0.12,0.0962,2.79,0.1225,0.12210000000000001,1323530.0,51919400000.0,0.21,0.1655,0.18761726078799248,19,94,113,GGBR
47,MDNE3,10.65,5.4,0.65,0.749,0.0,0.257,1.05,4.23,-1.5,4.73,4.55,0.1772,0.1387,2.28,0.0679,0.121,5381230.0,1384340000.0,0.26,0.365,0.18518518518518517,20,98,118,MDNE
48,VVEO3,2.03,2.01,0.2,0.058,0.0673,0.059,0.17,1.27,-0.69,6.15,4.02,0.045899999999999996,0.028999999999999998,2.32,0.0668,0.0992,7434050.0,3286280000.0,1.3,0.3018,0.49751243781094534,0,119,119,VVEO
49,UGPA3,21.59,9.23,1.74,0.191,0.0301,0.658,3.6,4.5,-4.25,6.44,5.3,0.0425,0.021400000000000002,1.68,0.18989999999999999,0.1887,107007000.0,13828200000.0,1.04,0.128,0.10834236186348863,74,46,120,UGPA
50,DIRR3,25.26,10.36,2.08,1.776,0.018600000000000002,0.556,1.85,9.7,-1.95,10.2,8.95,0.1832,0.196,3.39,0.0688,0.201,47213500.0,2105010000.0,0.67,0.15710000000000002,0.09652509652509653,82,38,120,DIRR
51,MILS3,10.48,9.17,1.69,1.82,0.0292,0.836,3.49,5.2,-7.55,6.13,4.21,0.35009999999999997,0.19879999999999998,2.55,0.22820000000000001,0.18469999999999998,16268000.0,1511550000.0,0.78,0.3342,0.10905125408942203,73,48,121,MILS
52,LJQQ3,3.82,7.77,1.2,0.307,0.0424,0.228,0.89,13.2,-1.31,16.24,5.03,0.0233,0.039599999999999996,1.67,0.0217,0.15460000000000002,18216500.0,620719000.0,0.85,0.114,0.1287001287001287,53,70,123,LJQQ
53,TUPY3,22.02,6.67,0.91,0.284,0.0305,0.296,0.93,3.52,-4.94,6.14,4.37,0.0808,0.0425,2.07,0.1209,0.1371,15118600.0,3471280000.0,1.22,0.275,0.14992503748125938,37,87,124,TUPY
54,ALLD3,7.18,4.3,0.42,0.114,0.2826,0.194,0.61,3.8,1.48,4.93,3.66,0.029900000000000003,0.0264,1.89,0.0843,0.0987,832030.0,1582950000.0,0.38,0.0345,0.23255813953488372,7,120,127,ALLD
55,ROMI3,10.1,6.45,0.8,0.8,0.0713,0.416,1.22,10.65,3.08,15.53,9.54,0.0751,0.1246,2.25,0.0471,0.124,2279200.0,1177370000.0,0.62,0.1235,0.15503875968992248,36,92,128,ROMI
56,BPAC11,32.48,11.79,2.4,0.0,0.024,0.0,0.0,0.0,0.0,0.0,0.0,0.0,0.0,0.0,0.0,0.20329999999999998,321310000.0,51962100000.0,0.0,0.5165,0.08481764206955048,94,35,129,BPAC
57,INTB3,22.65,13.1,2.79,1.807,0.0277,1.449,3.25,14.76,5.39,13.94,11.96,0.12240000000000001,0.1382,2.49,0.18789999999999998,0.2132,24287200.0,2656410000.0,0.36,0.21309999999999998,0.07633587786259542,104,27,131,INTB
58,FRAS3,17.7,12.08,2.43,1.409,0.0342,1.148,3.15,8.64,12.96,8.38,6.77,0.1631,0.1201,2.48,0.21600000000000003,0.201,4323260.0,1968450000.0,0.56,0.2554,0.08278145695364239,95,37,132,FRAS
59,TFCO4,10.3,14.22,3.78,2.336,0.018600000000000002,2.363,4.86,11.07,6.67,11.21,10.37,0.21100000000000002,0.1643,3.0,0.2702,0.2661,2058710.0,434794000.0,0.24,0.3542,0.07032348804500703,114,18,132,TFCO
60,EVEN3,6.29,5.56,0.64,0.42,0.16,0.169,0.31,3.98,0.98,5.15,4.99,0.10550000000000001,0.1202,3.55,0.050499999999999996,0.1142,5210580.0,1980140000.0,0.72,0.13019999999999998,0.1798561151079137,25,109,134,EVEN
61,JHSF3,3.85,5.22,0.53,1.707,0.0825,0.218,1.25,4.61,-0.9,9.26,8.49,0.37060000000000004,0.3613,2.33,0.0535,0.10099999999999999,16957700.0,4959010000.0,0.81,0.2075,0.19157088122605365,17,118,135,JHSF
62,ENGI11,44.99,8.6,1.35,0.687,0.0337,0.29,4.99,2.93,-0.63,6.22,5.04,0.2348,0.10710000000000001,1.28,0.1184,0.1572,140213000.0,15247500000.0,2.12,0.1107,0.11627906976744186,67,69,136,ENGI
63,STBP3,13.06,18.62,5.09,4.796,0.0508,2.309,-160.5,12.04,-6.11,12.14,9.77,0.39840000000000003,0.2576,0.92,0.2175,0.2733,62000800.0,2218490000.0,0.24,0.272,0.05370569280343716,123,13,136,STBP
64,CYRE3,18.98,7.26,0.95,1.16,0.049,0.434,1.15,7.65,7.62,10.03,9.48,0.1516,0.18789999999999998,3.14,0.0675,0.131,108234000.0,7985750000.0,0.61,0.1442,0.13774104683195593,47,90,137,CYRE
65,GRND3,5.92,9.14,1.46,2.177,0.054400000000000004,1.255,2.31,13.48,2.32,10.69,8.77,0.16149999999999998,0.2382,5.09,0.1356,0.1592,6808460.0,3669650000.0,0.05,0.061200000000000004,0.10940919037199125,72,65,137,GRND
66,WEGE3,41.08,29.97,9.91,5.25,0.0168,5.391,17.6,23.31,23.08,22.79,20.97,0.22519999999999998,0.18030000000000002,1.84,0.31989999999999996,0.33049999999999996,264462000.0,17407300000.0,0.15,0.2433,0.033366700033366704,131,7,138,WEGE
67,FIQE3,3.33,7.71,1.06,1.3,0.0851,0.611,7.78,5.45,-3.67,5.36,2.64,0.23850000000000002,0.1686,1.44,0.13720000000000002,0.1377,1001600.0,1134990000.0,0.26,0.3328,0.1297016861219196,52,86,138,FIQE
68,SMFT3,21.9,12.26,2.44,2.839,0.0207,0.871,12.69,13.31,-2.07,15.11,6.69,0.2133,0.2332,1.45,0.0799,0.19870000000000002,50019400.0,5269760000.0,0.77,0.20129999999999998,0.08156606851549755,97,41,138,SMFT
69,TAEE11,33.6,10.34,1.64,3.404,0.1107,0.59,16.81,6.04,-1.26,10.57,10.48,0.5636,0.3293,1.26,0.10400000000000001,0.15869999999999998,88541700.0,7056880000.0,1.38,0.0529,0.09671179883945842,81,66,147,TAEE
70,NTCO3,15.11,7.79,0.95,0.821,0.049,0.503,4.29,10.92,-4.79,11.09,6.55,0.07519999999999999,0.10550000000000001,1.47,0.063,0.1219,110491000.0,22070700000.0,0.28,-0.12689999999999999,0.12836970474967907,54,96,150,NTCO
71,GGPS3,17.24,17.65,3.68,1.041,0.0184,1.105,3.88,11.31,-6.35,12.23,9.65,0.092,0.059500000000000004,2.19,0.12269999999999999,0.20829999999999999,37061700.0,3165810000.0,0.92,0.2455,0.056657223796034,121,30,151,GGPS
72,BLAU3,9.64,7.27,0.86,1.173,0.0338,0.547,1.44,8.16,3.64,8.9,7.37,0.1437,0.1598,3.82,0.08449999999999999,0.11779999999999999,2555230.0,2019480000.0,0.3,0.08410000000000001,0.13755158184319122,48,104,152,BLAU
73,VIVA3,20.45,13.18,2.45,2.156,0.0182,1.505,3.64,11.28,6.33,10.95,8.24,0.1912,0.1636,2.96,0.1586,0.18600000000000003,68709100.0,1969940000.0,0.11,0.2747,0.07587253414264036,105,47,152,VIVA
74,B3SA3,10.39,14.44,2.9,5.805,0.053099999999999994,1.194,6.47,11.12,-5.79,10.57,8.7,0.5219,0.4022,1.93,0.1668,0.2009,521593000.0,19875000000.0,0.71,0.0742,0.06925207756232687,115,39,154,B3SA
75,RECV3,18.25,8.64,1.15,1.886,0.10980000000000001,0.778,97.41,7.89,-5.23,8.16,4.18,0.239,0.2181,1.05,0.11349999999999999,0.1332,52914900.0,4651430000.0,0.19,0.37670000000000003,0.11574074074074073,68,89,157,RECV
76,ABEV3,11.28,12.26,2.05,2.236,0.0647,1.328,-750.57,10.53,-15.11,9.93,7.29,0.21239999999999998,0.188,0.99,0.16899999999999998,0.1675,364098000.0,86594300000.0,0.04,0.11599999999999999,0.08156606851549755,96,62,158,ABEV
77,KLBN11,20.59,13.01,2.25,1.444,0.0512,0.448,2.21,6.93,-1.01,12.81,6.59,0.20850000000000002,0.1161,2.79,0.0863,0.1729,95360100.0,11310500000.0,2.96,0.1649,0.07686395080707148,103,60,163,KLBN
78,MELK3,3.56,6.44,0.59,0.65,0.1368,0.3,0.57,7.27,0.86,5.68,5.43,0.0894,0.14800000000000002,2.94,0.051500000000000004,0.09230000000000001,1436600.0,1236660000.0,0.23,0.24100000000000002,0.15527950310559005,35,128,163,MELK
79,VITT3,5.82,10.52,1.49,1.235,0.047400000000000005,0.981,3.24,11.18,3.59,13.72,10.95,0.1104,0.1173,1.97,0.09300000000000001,0.14150000000000001,3126370.0,605093000.0,0.37,0.0748,0.09505703422053233,85,82,167,VITT
80,HYPE3,29.05,10.81,1.57,2.288,0.048499999999999995,0.728,4.76,7.32,-3.77,10.27,9.32,0.3126,0.2114,1.81,0.1157,0.14529999999999998,110833000.0,11711400000.0,0.9,0.23309999999999997,0.09250693802035152,88,80,168,HYPE
81,TRIS3,4.65,6.86,0.63,0.784,0.0425,0.308,0.64,8.69,1.16,15.47,14.75,0.0902,0.1177,2.7,0.0407,0.0919,2256240.0,1377560000.0,0.72,0.0613,0.14577259475218657,40,129,169,TRIS
82,CAML3,8.27,8.03,0.94,0.257,0.0353,0.273,0.85,4.87,-2.45,9.85,6.83,0.0528,0.032,2.16,0.0864,0.1167,6979770.0,3087100000.0,1.86,0.19510000000000002,0.12453300124533002,61,108,169,CAML
83,MULT3,22.2,12.35,1.88,6.386,0.0461,1.153,21.68,8.98,-5.19,10.32,9.45,0.7112,0.5173,1.48,0.1448,0.1524,139640000.0,7087620000.0,0.44,0.1623,0.08097165991902834,99,74,173,MULT
84,PORT3,14.63,15.29,2.62,2.577,0.0547,1.083,50.34,9.61,-2.61,13.12,9.18,0.2683,0.17010000000000003,1.14,0.12300000000000001,0.1714,12767000.0,2454870000.0,1.1,-0.0323,0.06540222367560497,117,61,178,PORT
85,MDIA3,30.96,10.78,1.35,1.0,0.021,0.846,3.0,8.05,9.32,7.95,6.22,0.1243,0.0928,2.54,0.1447,0.12560000000000002,26212500.0,7752090000.0,0.27,0.1495,0.0927643784786642,87,91,178,MDIA
86,TASA4,10.93,10.15,1.23,0.779,0.0369,0.636,3.73,7.77,8.89,9.34,7.76,0.1002,0.0767,1.45,0.098,0.1209,4626650.0,1128000000.0,0.47,0.12689999999999999,0.09852216748768472,79,100,179,TASA
87,RAPT4,10.15,9.79,1.16,0.31,0.057300000000000004,0.247,0.89,2.59,-2.29,4.93,4.0,0.12,0.0591,1.89,0.1364,0.11869999999999999,25162500.0,2875310000.0,2.09,0.23399999999999999,0.10214504596527069,77,103,180,RAPT
88,BBDC3,11.14,7.88,0.74,0.0,0.1231,0.0,0.0,0.0,0.0,0.0,0.0,0.0,0.0,0.0,0.0,0.09369999999999999,85562000.0,160563000000.0,0.0,-0.14679999999999999,0.12690355329949238,55,125,180,BBDC
89,GMAT3,7.15,12.93,1.79,0.558,0.0146,0.956,2.7,10.07,6.58,11.73,9.54,0.0555,0.0437,2.41,0.125,0.1386,29605500.0,8813800000.0,0.45,0.29059999999999997,0.07733952049497293,100,85,185,GMAT
90,SANB3,13.06,9.99,1.13,0.0,0.0588,0.0,0.0,0.0,0.0,0.0,0.0,0.0,0.0,0.0,0.0,0.113,1531930.0,86735700000.0,0.0,-0.0199,0.10010010010010009,78,110,188,SANB
91,RADL3,25.8,42.19,7.3,1.261,0.0118,2.146,12.17,20.98,-17.88,22.13,12.25,0.0601,0.0308,1.43,0.1442,0.17300000000000001,157275000.0,6071650000.0,0.47,0.18059999999999998,0.023702299123014935,132,57,189,RADL
92,AGRO3,25.43,11.03,1.33,2.38,0.1263,0.782,4.2,13.92,-15.91,18.39,12.5,0.171,0.2158,2.04,0.06480000000000001,0.1209,5959570.0,1957410000.0,0.54,0.1174,0.09066183136899365,90,99,189,AGRO
93,DXCO3,6.6,8.99,0.85,0.712,0.0434,0.296,2.19,6.77,-0.94,12.66,5.04,0.1051,0.0817,1.7,0.0556,0.09449999999999999,20486800.0,6372670000.0,1.18,0.10710000000000001,0.11123470522803114,70,123,193,DXCO
94,TOTS3,29.83,23.99,3.85,3.933,0.0148,2.04,9.45,11.2,-32.49,10.66,9.04,0.35119999999999996,0.1697,2.36,0.2607,0.1603,126835000.0,4786840000.0,0.35,0.1924,0.041684035014589414,129,64,193,TOTS
95,ARZZ3,49.59,13.45,1.87,1.125,0.039,0.962,6.84,10.61,-61.53,11.58,7.99,0.106,0.08310000000000001,1.43,0.1157,0.1392,113416000.0,2940190000.0,0.37,0.3617,0.07434944237918216,111,84,195,ARZZ
96,ARML3,9.88,18.0,2.69,2.349,0.0274,0.725,3.1,6.91,-2.2,10.01,7.26,0.33990000000000004,0.1305,2.4,0.1606,0.1496,8574400.0,1270840000.0,2.27,0.6529,0.05555555555555555,122,77,199,ARML
97,OPCT3,6.5,13.0,1.56,0.72,0.0,0.529,10.54,5.07,-1.48,8.82,4.53,0.1422,0.0554,1.2,0.12269999999999999,0.1201,4570730.0,832641000.0,1.43,0.4154,0.07692307692307693,102,101,203,OPCT
98,ASAI3,10.79,20.9,3.1,0.213,0.0,0.35,-3.59,3.01,-0.62,5.37,4.07,0.0706,0.0102,0.77,0.1769,0.14859999999999998,123580000.0,4698000000.0,3.4,0.2864,0.04784688995215311,125,79,204,ASAI
99,VAMO3,7.5,13.78,1.69,1.351,0.0426,0.371,5.23,3.64,-0.74,8.14,6.34,0.37079999999999996,0.098,1.34,0.1245,0.1229,55798000.0,4889880000.0,2.59,0.5505,0.07256894049346879,112,93,205,VAMO
100,LREN3,12.53,11.29,1.19,0.876,0.054400000000000004,0.634,2.83,4.25,6.43,3.89,2.78,0.2061,0.0776,1.65,0.1865,0.1058,247942000.0,10099800000.0,0.14,0.14429999999999998,0.08857395925597875,91,115,206,LREN
101,TIMS3,15.78,12.97,1.53,1.573,0.0564,0.703,-15.67,7.4,-2.01,7.37,3.11,0.2127,0.12119999999999999,0.81,0.10980000000000001,0.1177,116960000.0,25025200000.0,0.13,0.0966,0.07710100231303006,101,105,206,TIMS
102,ORVR3,37.5,28.09,4.25,3.905,0.0,1.354,9.72,18.56,-3.38,23.74,12.88,0.2104,0.1551,2.2,0.08470000000000001,0.1514,14749800.0,731548000.0,1.55,0.3006,0.0355998576005696,130,76,206,ORVR
103,FESA4,7.82,9.45,0.85,1.24,0.0662,0.675,2.47,10.7,4.2,9.01,4.93,0.1159,0.1313,3.82,0.0788,0.09050000000000001,6557080.0,3231320000.0,0.08,0.1814,0.10582010582010583,76,131,207,FESA
104,BRIT3,4.13,11.7,1.22,1.46,0.021099999999999997,0.569,10.38,7.45,-1.74,10.79,4.52,0.196,0.1246,1.36,0.0916,0.10400000000000001,3110460.0,1524660000.0,0.83,0.2748,0.08547008547008547,92,116,208,BRIT
105,SLCE3,17.46,13.35,1.57,0.962,0.0507,0.502,2.6,5.36,-2.79,7.51,6.47,0.1796,0.0736,1.67,0.1133,0.1173,37808300.0,4943790000.0,1.01,0.29059999999999997,0.0749063670411985,109,106,215,SLCE
106,SBSP3,74.85,14.21,1.67,1.935,0.0192,0.787,26.07,7.8,-2.15,10.21,7.08,0.2482,0.1362,1.23,0.1124,0.1173,289021000.0,30680700000.0,0.72,0.1017,0.07037297677691766,113,107,220,SBSP
107,ELMD3,17.44,22.82,2.74,2.457,0.005,1.08,-117.45,10.6,-3.81,12.74,8.06,0.2318,0.13470000000000001,0.96,0.1243,0.12,1074960.0,891681000.0,0.85,0.6736,0.04382120946538125,127,102,229,ELMD
108,ALUP11,30.04,13.26,1.25,2.882,0.0392,0.329,4.23,4.13,-0.78,7.94,7.41,0.698,0.3531,1.67,0.0897,0.0942,35450400.0,7622200000.0,1.54,-0.1215,0.07541478129713423,108,124,232,ALUP
109,CCRO3,12.03,17.16,1.89,1.263,0.0351,0.431,6.14,4.31,-0.8,8.59,6.69,0.2929,0.0816,1.47,0.1184,0.11019999999999999,97913600.0,12847700000.0,2.5,0.16010000000000002,0.05827505827505827,120,113,233,CCRO
110,EQTL3,29.27,15.38,1.57,0.828,0.015300000000000001,0.335,5.43,3.68,-0.66,7.52,6.2,0.22510000000000002,0.07780000000000001,1.36,0.105,0.1024,207220000.0,21396000000.0,2.07,0.2245,0.06501950585175552,118,117,235,EQTL
111,FLRY3,14.21,15.62,1.5,1.089,0.040999999999999995,0.665,6.38,7.44,-2.24,10.61,6.24,0.1464,0.0694,1.68,0.10279999999999999,0.09609999999999999,38715900.0,5183220000.0,0.81,0.2422,0.06402048655569782,119,121,240,FLRY
112,RDOR3,26.35,23.69,2.6,1.271,0.0191,0.662,2.1,9.15,-2.6,9.57,7.79,0.1389,0.0555,2.95,0.11259999999999999,0.1099,232886000.0,23165100000.0,1.46,0.36700000000000005,0.04221190375685943,128,114,242,RDOR
113,PNVL3,9.68,13.45,1.22,0.312,0.034,0.454,1.92,9.1,-24.63,14.41,6.37,0.034300000000000004,0.0232,1.64,0.071,0.0904,3632230.0,1196820000.0,0.93,0.1492,0.07434944237918216,110,132,242,PNVL
114,ONCO3,5.8,14.5,1.33,0.541,0.0,0.313,4.39,4.23,-0.79,10.27,7.52,0.1278,0.0516,1.28,0.08539999999999999,0.0917,47697500.0,2300490000.0,2.08,0.39740000000000003,0.06896551724137931,116,130,246,ONCO
115,JPSA3,29.02,20.27,1.93,4.667,0.0029,0.468,2.34,12.96,-1.68,20.35,12.83,0.3602,0.4631,5.31,0.045599999999999995,0.0951,7666510.0,1762140000.0,1.94,0.0101,0.0493339911198816,124,122,246,JPSA
116,EMBR3,37.87,21.66,2.01,1.045,0.0,0.521,2.82,13.08,-3.0,15.76,10.16,0.0799,0.0493,1.51,0.051500000000000004,0.09300000000000001,237068000.0,13924100000.0,0.94,0.2118,0.04616805170821791,126,127,253,EMBR
